-22.96651433519616,0
-22.95487309192341,0
-22.94323184865066,0
-22.93159060537791,0
-22.91994936210516,0
-22.90830811883241,0
-22.89666687555966,0
-22.88502563228692,0
-22.87338438901417,0
-22.86174314574142,0
-22.85010190246867,0
-22.83846065919592,0
-22.82681941592317,0
-22.81517817265042,0
-22.80353692937767,0
-22.79189568610492,0
-22.78025444283217,0
-22.76861319955943,0
-22.75697195628668,0
-22.74533071301393,0
-22.73368946974118,0
-22.72204822646843,0
-22.71040698319568,0
-22.69876573992293,0
-22.68712449665018,0
-22.67548325337743,0
-22.66384201010468,0
-22.65220076683194,0
-22.64055952355919,0
-22.62891828028644,0
-22.61727703701369,0
-22.60563579374094,0
-22.59399455046819,0
-22.58235330719544,0
-22.57071206392269,0
-22.55907082064994,0
-22.54742957737719,0
-22.53578833410445,0
-22.5241470908317,0
-22.51250584755895,0
-22.5008646042862,0
-22.48922336101345,0
-22.4775821177407,0
-22.46594087446795,0
-22.4542996311952,0
-22.44265838792245,0
-22.4310171446497,0
-22.41937590137696,0
-22.40773465810421,0
-22.39609341483146,0
-22.38445217155871,0
-22.37281092828596,0
-22.36116968501321,0
-22.34952844174046,0
-22.33788719846771,0
-22.32624595519496,0
-22.31460471192222,0
-22.30296346864947,0
-22.29132222537672,0
-22.27968098210397,0
-22.26803973883122,0
-22.25639849555847,0
-22.24475725228572,0
-22.23311600901297,0
-22.22147476574022,0
-22.20983352246747,0
-22.19819227919473,0
-22.18655103592198,0
-22.17490979264923,0
-22.16326854937648,0
-22.15162730610373,0
-22.13998606283098,0
-22.12834481955823,0
-22.11670357628548,0
-22.10506233301273,0
-22.09342108973998,0
-22.08177984646724,0
-22.07013860319449,0
-22.05849735992174,0
-22.04685611664899,0
-22.03521487337624,0
-22.02357363010349,0
-22.01193238683074,0
-22.00029114355799,0
-21.98864990028524,0
-21.97700865701249,0
-21.96536741373975,0
-21.953726170467,0
-21.94208492719425,0
-21.9304436839215,0
-21.91880244064875,0
-21.907161197376,0
-21.89551995410325,0
-21.8838787108305,7.89470302439263e-008
-21.87223746755775,2.121983433046619e-007
-21.860596224285,2.754623859880787e-007
-21.84895498101226,3.56379317514959e-007
-21.83731373773951,4.595074419730646e-007
-21.82567249446676,5.904763089987429e-007
-21.81403125119401,7.562097563935218e-007
-21.80239000792126,9.651880695061766e-007
-21.79074876464851,1.227754356838915e-006
-21.77910752137576,1.556470496041204e-006
-21.76746627810301,1.966528166794422e-006
-21.75582503483026,2.476220525838837e-006
-21.74418379155751,3.107479959431787e-006
-21.73254254828477,3.886487031245621e-006
-21.72090130501202,4.84435518769617e-006
-21.70926006173927,6.017894944688048e-006
-21.69761881846652,7.450460116016492e-006
-21.68597757519377,9.19287711160382e-006
-21.67433633192102,1.130445639404621e-005
-21.66269508864827,1.385408280095608e-005
-21.65105384537552,1.692137859311373e-005
-21.63941260210277,2.059792976081074e-005
-21.62777135883002,2.498856231408736e-005
-21.61613011555728,3.021265101610164e-005
-21.60448887228453,3.640543833337362e-005
-21.59284762901178,4.371933633747308e-005
-21.58120638573903,5.232517899252146e-005
-21.56956514246628,6.241338682369086e-005
-21.55792389919353,7.41950005363195e-005
-21.54628265592078,8.790253492662261e-005
-21.53464141264803,0.0001037905996059987
-21.52300016937528,0.0001221362288910023
-21.51135892610254,0.0001432388599516968
-21.49971768282978,0.00016741989623961
-21.48807643955703,0.0001950217926177075
-21.47643519628429,0.0002264065997709152
-21.46479395301154,0.0002619539086546177
-21.45315270973879,0.0003020581411804555
-21.44151146646604,0.0003471251412418852
-21.42987022319329,0.0003975680306877508
-21.41822897992054,0.0004538023080301328
-21.40658773664779,0.0005162401835067786
-21.39494649337505,0.0005852841624936215
-21.38330525010229,0.0006613199099557266
-21.37166400682954,0.0007447084512959303
-21.3600227635568,0.0008357777891509201
-21.34838152028405,0.0009348140408185589
-21.3367402770113,0.001042052226391219
-21.32509903373855,0.001157666862533005
-21.3134577904658,0.001281762540309437
-21.30181654719305,0.001414364686636072
-21.2901753039203,0.001555410726811028
-21.27853406064755,0.001704741879296152
-21.2668928173748,0.001862095822518694
-21.25525157410205,0.002027100476170465
-21.24361033082931,0.002199269135600603
-21.23196908755656,0.002377997186911566
-21.22032784428381,0.002562560611957004
-21.20868660101106,0.002752116466517553
-21.19704535773831,0.002945705481665334
-21.18540411446556,0.003142256898160758
-21.17376287119281,0.003340595597374143
-21.16212162792006,0.003539451540679137
-21.15048038464731,0.0037374714737689
-21.13883914137456,0.003933232794367815
-21.12719789810182,0.004125259423003855
-21.11555665482907,0.004312039458654819
-21.10391541155632,0.004492044346043685
-21.09227416828357,0.004663749230998914
-21.08063292501082,0.004825654136414909
-21.06899168173807,0.004976305555610894
-21.05735043846532,0.005114318033752848
-21.04570919519257,0.005238395292663508
-21.03406795191982,0.005347350450665672
-21.02242670864708,0.005440124897580907
-21.01078546537433,0.005515805405736011
-20.99914422210158,0.005573639090494664
-20.98750297882883,0.005613045877698867
-20.97586173555608,0.005633628189345199
-20.96422049228333,0.005639175192224248
-20.95257924901058,0.005635177621344307
-20.94093800573783,0.005617678456516771
-20.92929676246508,0.005581307930014354
-20.91765551919233,0.005526433240898508
-20.90601427591959,0.005453605380341095
-20.89437303264684,0.005363549921511373
-20.88273178937409,0.00525715498643364
-20.87109054610134,0.005135456668857645
-20.85944930282859,0.004999622247632268
-20.84780805955584,0.004850931570667092
-20.83616681628309,0.004690757024116076
-20.82452557301034,0.004520542524123402
-20.81288432973759,0.004341781978947373
-20.80124308646484,0.004155997667553581
-20.7896018431921,0.003964718967276854
-20.77796059991935,0.003769461838701196
-20.7663193566466,0.003571709441639301
-20.75467811337385,0.003372894213428503
-20.7430368701011,0.003174381691334035
-20.73139562682835,0.002977456306446633
-20.7197543835556,0.002783309318938653
-20.70811314028285,0.002593029005765035
-20.6964718970101,0.002407593153664088
-20.68483065373735,0.002227863854306195
-20.67318941046461,0.002054584546157613
-20.66154816719186,0.001888379200354546
-20.64990692391911,0.001729753506651796
-20.63826568064636,0.001579097881083702
-20.62662443737361,0.001436692089838432
-20.61498319410086,0.001302711264212409
-20.60334195082811,0.001177233069332907
-20.59170070755536,0.001060245784330423
-20.58005946428261,0.0009516570533190506
-20.56841822100986,0.0008513030742428381
-20.55677697773712,0.0007589580055772597
-20.54513573446437,0.0006743433881545523
-20.53349449119162,0.0005971374000751102
-20.52185324791887,0.0005269837858265352
-20.51021200464612,0.0004635003254304445
-20.49857076137337,0.0004062867347992839
-20.48692951810062,0.000354931913711983
-20.47528827482787,0.0003090204822046471
-20.46364703155512,0.0002681385691259825
-20.45200578828237,0.0002318788376488725
-20.44036454500963,0.0001998447513006694
-20.42872330173688,0.0001716541003332803
-20.41708205846413,0.0001469418218681288
-20.40544081519138,0.0001253621581890922
-20.39379957191863,0.0001065902058751402
-20.38215832864588,9.032291429436783e-005
-20.37051708537313,7.627959551245516e-005
-20.35887584210038,6.420200913572482e-005
-20.34723459882763,5.385408527621562e-005
-20.33559335555488,4.502134697432142e-005
-20.32395211228214,3.751009032871613e-005
-20.31231086900939,3.114637654264727e-005
-20.30066962573664,2.577488536482307e-005
-20.28902838246389,2.12576742254006e-005
-20.27738713919114,2.37995478759901e-005
-20.26574589591839,2.576105660299578e-005
-20.25410465264564,2.653439534180149e-005
-20.24246340937289,2.870332030453536e-005
-20.23082216610014,3.244033769526268e-005
-20.2191809228274,3.798453810407688e-005
-20.20753967955465,4.565224917161612e-005
-20.19589843628189,5.584980924404387e-005
-20.18425719300915,6.908872760865245e-005
-20.1726159497364,8.600350635890225e-005
-20.16097470646365,0.0001073724037989334
-20.1493334631909,0.0001341414178975318
-20.13769221991815,0.0001674517587767526
-20.1260509766454,0.0002086710595339795
-20.11440973337265,0.0002594285426777174
-20.10276849009991,0.0003216543128584824
-20.09112724682716,0.0003976228831433434
-20.07948600355441,0.0004900009596486514
-20.06784476028166,0.0006018994059389909
-20.05620351700891,0.0007369291825742489
-20.04456227373616,0.0008992003965554003
-20.03292103046341,0.001093557320245206
-20.02127978719066,0.001325589909807618
-20.00963854391791,0.001601424587156121
-19.99799730064516,0.001928117342118704
-19.98635605737242,0.002313609704843882
-19.97471481409966,0.002766791310409016
-19.96307357082691,0.003297557516569558
-19.95143232755417,0.00391685980852941
-19.93979108428142,0.00463674646363378
-19.92814984100867,0.005470390711487956
-19.91650859773592,0.006432103423616046
-19.90486735446317,0.007537327214874029
-19.89322611119042,0.008802608750608154
-19.88158486791767,0.01024554604345642
-19.86994362464493,0.01188470760591188
-19.85830238137218,0.01373952051260144
-19.84666113809942,0.01583012473140831
-19.83501989482668,0.01817719151449947
-19.82337865155393,0.02080170420536058
-19.81173740828118,0.02372470051862766
-19.80009616500843,0.02696697618385446
-19.78845492173568,0.03054875080525411
-19.77681367846293,0.03448929786417199
-19.76517243519018,0.03880654196091841
-19.75353119191743,0.04351662763291547
-19.74188994864468,0.0486334653662956
-19.73024870537194,0.05416826170205534
-19.71860746209919,0.06012904158476722
-19.70696621882644,0.0665201722670606
-19.69532497555369,0.07334189911948859
-19.68368373228094,0.0805899045549526
-19.67204248900819,0.08825490191233941
-19.66040124573544,0.09632227651098928
-19.64876000246269,0.1047717861464013
-19.63711875918994,0.1135773330153806
-19.62547751591719,0.1227068184116248
-19.61383627264445,0.1321220905071004
-19.6021950293717,0.1417789941291185
-19.59055378609895,0.1516275296696548
-19.5789125428262,0.1616121261479084
-19.56727129955345,0.1716720310291665
-19.5556300562807,0.1817418167361018
-19.54398881300795,0.1917520009386695
-19.5323475697352,0.2016297747526708
-19.52070632646245,0.211299830000466
-19.5090650831897,0.2206852737819117
-19.49742383991696,0.2297086158639292
-19.48578259664421,0.2382928119172041
-19.47414135337146,0.2463623434982719
-19.46250011009871,0.2538443139767891
-19.45085886682596,0.2606695384120619
-19.43921762355321,0.266773604746459
-19.42757638028046,0.272097883645661
-19.41593513700771,0.2765904648971486
-19.40429389373496,0.2802069994786855
-19.39265265046221,0.2829114282065303
-19.38101140718947,0.284676580226532
-19.36937016391672,0.2854846274582847
-19.35772892064397,0.2856477421445547
-19.34608767737122,0.2853273843634775
-19.33444643409847,0.2842064459898017
-19.32280519082572,0.2821331610348496
-19.31116394755297,0.279128440566119
-19.29952270428022,0.2752224069056202
-19.28788146100747,0.2704538909234981
-19.27624021773472,0.2648697894723764
-19.26459897446198,0.2585242978298384
-19.25295773118923,0.2514780347104372
-19.24131648791648,0.2437970795867924
-19.22967524464373,0.2355519436660611
-19.21803400137098,0.2268164968679317
-19.20639275809823,0.2176668735288739
-19.19475151482548,0.2081803793212962
-19.18311027155273,0.1984344210522774
-19.17146902827998,0.1885054796399822
-19.15982778500723,0.1784681447183002
-19.14818654173449,0.1683942270666134
-19.13654529846174,0.1583519624869533
-19.12490405518899,0.1484053179467959
-19.11326281191624,0.1386134078669351
-19.10162156864349,0.1290300254542662
-19.08998032537074,0.1197032910489125
-19.07833908209799,0.1106754166569975
-19.06669783882524,0.1019825832480684
-19.05505659555249,0.0936549250717003
-19.04341535227974,0.08571661324021022
-19.031774109007,0.07818602916890181
-19.02013286573425,0.07107601718302893
-19.0084916224615,0.06439420469916142
-18.99685037918875,0.05814337786242956
-18.985209135916,0.05232190035314505
-18.97356789264325,0.0469241632394637
-18.9619266493705,0.04194105421180019
-18.95028540609775,0.03736043524819275
-18.938644162825,0.03316761868217577
-18.92700291955226,0.0293458327282598
-18.91536167627951,0.02587666871691764
-18.90372043300676,0.0227405035545797
-18.89207918973401,0.01991689221103197
-18.88043794646126,0.01738492630740298
-18.86879670318851,0.01512355609827143
-18.85715545991576,0.0131118742826216
-18.84551421664301,0.01132936111768423
-18.83387297337026,0.009756091230419348
-18.82223173009751,0.008372903312668257
-18.81059048682477,0.007161534542443843
-18.79894924355202,0.006104722095004352
-18.78730800027927,0.005186274497123345
-18.77566675700652,0.00439111584376063
-18.76402551373377,0.003705306048405572
-18.75238427046102,0.003116040349021923
-18.74074302718827,0.002611631254429195
-18.72910178391552,0.002181476005444344
-18.71746054064277,0.00181601245559719
-18.70581929737002,0.001506666061722794
-18.69417805409728,0.00124579042839298
-18.68253681082453,0.001026603584002589
-18.67089556755177,0.0008431218910332935
-18.65925432427903,0.000690093217738886
-18.64761308100628,0.0005629307308335809
-18.63597183773353,0.0004576484147755136
-18.62433059446078,0.0003707991874963235
-18.61268935118803,0.0002994162681362434
-18.60104810791528,0.0002409582614703294
-18.58940686464253,0.0001932582571482865
-18.57776562136979,0.0001544770996048497
-18.56612437809704,0.0001230608657818882
-18.55448313482429,9.770249131914153e-005
-18.54284189155154,7.730740988366944e-005
-18.53120064827879,6.096301280780369e-005
-18.51955940500604,4.791169502568809e-005
-18.50791816173329,3.752722622140803e-005
-18.49627691846054,2.929417094121161e-005
-18.48463567518779,2.279007608991975e-005
-18.47299443191504,1.767014678477222e-005
-18.46135318864229,1.365414021505389e-005
-18.44971194536954,1.05152203877406e-005
-18.4380707020968,3.221311255492393e-006
-18.42642945882405,0
-18.4147882155513,0
-18.40314697227855,0
-18.3915057290058,0
-18.37986448573305,0
-18.3682232424603,0
-18.35658199918755,0
-18.34494075591481,0
-18.33329951264206,0
-18.32165826936931,0
-18.31001702609656,0
-18.29837578282381,0
-18.28673453955106,0
-18.27509329627831,0
-18.26345205300556,0
-18.25181080973281,0
-18.24016956646006,0
-18.22852832318731,0
-18.21688707991456,0
-18.20524583664182,0
-18.19360459336907,0
-18.18196335009632,0
-18.17032210682357,0
-18.15868086355082,0
-18.14703962027807,0
-18.13539837700532,0
-18.12375713373258,0
-18.11211589045983,0
-18.10047464718707,0
-18.08883340391433,0
-18.07719216064158,0
-18.06555091736883,0
-18.05390967409608,0
-18.04226843082333,0
-18.03062718755058,0
-18.01898594427783,0
-18.00734470100508,0
-17.99570345773233,0
-17.98406221445958,0
-17.97242097118684,0
-17.96077972791409,0
-17.94913848464134,0
-17.93749724136859,0
-17.92585599809584,0
-17.91421475482309,0
-17.90257351155034,0
-17.8909322682776,0
-17.87929102500484,0
-17.86764978173209,0
-17.85600853845935,0
-17.8443672951866,0
-17.83272605191385,0
-17.8210848086411,0
-17.80944356536835,0
-17.7978023220956,0
-17.78616107882285,0
-17.7745198355501,0
-17.76287859227735,0
-17.7512373490046,0
-17.73959610573186,0
-17.72795486245911,0
-17.71631361918636,0
-17.70467237591361,0
-17.69303113264086,0
-17.68138988936811,0
-17.66974864609536,0
-17.65810740282261,0
-17.64646615954986,0
-17.63482491627712,0
-17.62318367300437,0
-17.61154242973162,0
-17.59990118645887,0
-17.58825994318612,0
-17.57661869991337,0
-17.56497745664062,0
-17.55333621336787,0
-17.54169497009512,0
-17.53005372682237,0
-17.51841248354963,0
-17.50677124027688,0
-17.49512999700413,0
-17.48348875373138,0
-17.47184751045863,0
-17.46020626718588,0
-17.44856502391313,0
-17.43692378064038,0
-17.42528253736763,0
-17.41364129409488,0
-17.40200005082214,0
-17.39035880754939,0
-17.37871756427664,0
-17.36707632100389,0
-17.35543507773114,0
-17.34379383445839,0
-17.33215259118564,0
-17.32051134791289,0
-17.30887010464014,0
-17.29722886136739,0
-17.28558761809465,0
-17.2739463748219,0
-17.26230513154915,0
-17.2506638882764,0
-17.23902264500365,0
-17.2273814017309,0
-17.21574015845815,0
-17.2040989151854,0
-17.19245767191265,0
-17.1808164286399,0
-17.16917518536716,0
-17.15753394209441,0
-17.14589269882166,0
-17.13425145554891,0
-17.12261021227616,0
-17.11096896900341,0
-17.09932772573066,0
-17.08768648245791,0
-17.07604523918516,0
-17.06440399591241,0
-17.05276275263967,0
-17.04112150936692,0
-17.02948026609417,0
-17.01783902282142,0
-17.00619777954867,0
-16.99455653627592,0
-16.98291529300317,0
-16.97127404973042,0
-16.95963280645767,0
-16.94799156318493,0
-16.93635031991217,0
-16.92470907663942,0
-16.91306783336668,0
-16.90142659009393,0
-16.88978534682118,0
-16.87814410354843,0
-16.86650286027568,0
-16.85486161700293,0
-16.84322037373018,0
-16.83157913045744,0
-16.81993788718469,0
-16.80829664391194,0
-16.79665540063919,0
-16.78501415736644,0
-16.77337291409369,0
-16.76173167082094,0
-16.75009042754819,0
-16.73844918427544,0
-16.72680794100269,0
-16.71516669772994,0
-16.70352545445719,0
-16.69188421118444,0
-16.6802429679117,0
-16.66860172463895,0
-16.6569604813662,0
-16.64531923809345,0
-16.6336779948207,0
-16.62203675154795,0
-16.6103955082752,0
-16.59875426500246,0
-16.58711302172971,0
-16.57547177845695,0
-16.56383053518421,0
-16.55218929191146,0
-16.54054804863871,0
-16.52890680536596,0
-16.51726556209321,0
-16.50562431882046,0
-16.49398307554771,0
-16.48234183227496,0
-16.47070058900221,0
-16.45905934572946,0
-16.44741810245672,0
-16.43577685918397,0
-16.42413561591122,0
-16.41249437263847,0
-16.40085312936572,0
-16.38921188609297,0
-16.37757064282022,0
-16.36592939954747,0
-16.35428815627472,0
-16.34264691300198,0
-16.33100566972923,0
-16.31936442645648,0
-16.30772318318373,0
-16.29608193991098,0
-16.28444069663823,0
-16.27279945336548,0
-16.26115821009273,0
-16.24951696681998,0
-16.23787572354723,0
-16.22623448027449,0
-16.21459323700174,0
-16.20295199372899,0
-16.19131075045624,0
-16.17966950718349,0
-16.16802826391074,0
-16.15638702063799,0
-16.14474577736524,0
-16.13310453409249,0
-16.12146329081974,0
-16.109822047547,0
-16.09818080427425,0
-16.0865395610015,0
-16.07489831772875,0
-16.063257074456,0
-16.05161583118325,0
-16.0399745879105,0
-16.02833334463775,0
-16.016692101365,0
-16.00505085809225,0
-15.99340961481951,0
-15.98176837154676,0
-15.97012712827401,0
-15.95848588500126,0
-15.94684464172851,0
-15.93520339845576,0
-15.92356215518301,0
-15.91192091191026,0
-15.90027966863751,0
-15.88863842536476,0
-15.87699718209202,0
-15.86535593881927,0
-15.85371469554652,0
-15.84207345227377,0
-15.83043220900102,0
-15.81879096572827,0
-15.80714972245552,0
-15.79550847918277,0
-15.78386723591002,0
-15.77222599263727,0
-15.76058474936453,0
-15.74894350609178,0
-15.73730226281903,0
-15.72566101954628,0
-15.71401977627353,0
-15.70237853300078,0
-15.69073728972803,0
-15.67909604645528,0
-15.66745480318253,0
-15.65581355990979,0
-15.64417231663704,0
-15.63253107336429,0
-15.62088983009154,0
-15.60924858681879,0
-15.59760734354604,0
-15.58596610027329,0
-15.57432485700054,0
-15.56268361372779,0
-15.55104237045504,0
-15.5394011271823,0
-15.52775988390955,0
-15.5161186406368,0
-15.50447739736405,0
-15.4928361540913,0
-15.48119491081855,0
-15.4695536675458,0
-15.45791242427305,0
-15.4462711810003,0
-15.43462993772755,0
-15.42298869445481,0
-15.41134745118206,0
-15.39970620790931,0
-15.38806496463656,0
-15.37642372136381,0
-15.36478247809106,0
-15.35314123481831,0
-15.34149999154556,0
-15.32985874827281,0
-15.31821750500006,0
-15.30657626172732,0
-15.29493501845457,0
-15.28329377518182,0
-15.27165253190907,0
-15.26001128863632,0
-15.24837004536357,0
-15.23672880209082,0
-15.22508755881807,0
-15.21344631554532,0
-15.20180507227257,0
-15.19016382899982,0
-15.17852258572708,0
-15.16688134245433,0
-15.15524009918158,0
-15.14359885590883,0
-15.13195761263608,0
-15.12031636936333,0
-15.10867512609058,0
-15.09703388281783,0
-15.08539263954508,0
-15.07375139627233,0
-15.06211015299959,0
-15.05046890972684,0
-15.03882766645409,0
-15.02718642318134,0
-15.01554517990859,0
-15.00390393663584,0
-14.99226269336309,0
-14.98062145009034,0
-14.96898020681759,0
-14.95733896354484,0
-14.9456977202721,0
-14.93405647699935,0
-14.9224152337266,0
-14.91077399045385,0
-14.8991327471811,0
-14.88749150390835,0
-14.8758502606356,0
-14.86420901736285,0
-14.8525677740901,0
-14.84092653081735,0
-14.82928528754461,0
-14.81764404427186,0
-14.80600280099911,0
-14.79436155772636,0
-14.78272031445361,0
-14.77107907118086,0
-14.75943782790811,0
-14.74779658463536,0
-14.73615534136261,0
-14.72451409808986,0
-14.71287285481711,0
-14.70123161154437,0
-14.68959036827162,0
-14.67794912499887,0
-14.66630788172612,0
-14.65466663845337,0
-14.64302539518062,0
-14.63138415190787,0
-14.61974290863512,0
-14.60810166536237,0
-14.59646042208962,0
-14.58481917881688,0
-14.57317793554413,0
-14.56153669227138,0
-14.54989544899863,0
-14.53825420572588,0
-14.52661296245313,0
-14.51497171918038,0
-14.50333047590763,0
-14.49168923263488,0
-14.48004798936213,0
-14.46840674608939,0
-14.45676550281664,0
-14.44512425954389,0
-14.43348301627114,0
-14.42184177299839,0
-14.41020052972564,0
-14.39855928645289,0
-14.38691804318014,0
-14.37527679990739,0
-14.36363555663465,0
-14.3519943133619,0
-14.34035307008915,0
-14.3287118268164,0
-14.31707058354365,0
-14.3054293402709,0
-14.29378809699815,0
-14.2821468537254,0
-14.27050561045265,0
-14.2588643671799,0
-14.24722312390716,0
-14.23558188063441,0
-14.22394063736166,0
-14.21229939408891,0
-14.20065815081616,0
-14.18901690754341,0
-14.17737566427066,0
-14.16573442099791,0
-14.15409317772516,0
-14.14245193445241,0
-14.13081069117967,0
-14.11916944790692,0
-14.10752820463417,0
-14.09588696136142,0
-14.08424571808867,0
-14.07260447481592,0
-14.06096323154317,0
-14.04932198827042,0
-14.03768074499767,0
-14.02603950172492,0
-14.01439825845218,0
-14.00275701517943,0
-13.99111577190668,0
-13.97947452863393,0
-13.96783328536118,0
-13.95619204208843,0
-13.94455079881568,0
-13.93290955554293,0
-13.92126831227018,0
-13.90962706899743,0
-13.89798582572468,0
-13.88634458245194,0
-13.87470333917919,0
-13.86306209590644,0
-13.85142085263369,0
-13.83977960936094,0
-13.82813836608819,0
-13.81649712281544,0
-13.80485587954269,0
-13.79321463626994,0
-13.78157339299719,0
-13.76993214972445,0
-13.7582909064517,0
-13.74664966317895,0
-13.7350084199062,0
-13.72336717663345,0
-13.7117259333607,0
-13.70008469008795,0
-13.6884434468152,0
-13.67680220354245,0
-13.6651609602697,0
-13.65351971699696,0
-13.64187847372421,0
-13.63023723045146,0
-13.61859598717871,0
-13.60695474390596,0
-13.59531350063321,0
-13.58367225736046,0
-13.57203101408771,0
-13.56038977081496,0
-13.54874852754221,0
-13.53710728426947,0
-13.52546604099672,0
-13.51382479772397,0
-13.50218355445122,0
-13.49054231117847,0
-13.47890106790572,0
-13.46725982463297,0
-13.45561858136022,0
-13.44397733808747,0
-13.43233609481472,0
-13.42069485154198,0
-13.40905360826923,0
-13.39741236499648,0
-13.38577112172373,0
-13.37412987845098,0
-13.36248863517823,0
-13.35084739190548,0
-13.33920614863273,0
-13.32756490535998,0
-13.31592366208724,0
-13.30428241881448,0
-13.29264117554174,0
-13.28099993226899,0
-13.26935868899624,0
-13.25771744572349,0
-13.24607620245074,0
-13.23443495917799,0
-13.22279371590524,0
-13.21115247263249,0
-13.19951122935975,0
-13.18786998608699,0
-13.17622874281425,0
-13.1645874995415,0
-13.15294625626875,0
-13.141305012996,0
-13.12966376972325,0
-13.1180225264505,0
-13.10638128317775,0
-13.094740039905,0
-13.08309879663225,0
-13.07145755335951,0
-13.05981631008676,0
-13.04817506681401,0
-13.03653382354126,0
-13.02489258026851,0
-13.01325133699576,0
-13.00161009372301,0
-12.98996885045026,0
-12.97832760717751,0
-12.96668636390476,0
-12.95504512063202,0
-12.94340387735927,0
-12.93176263408652,0
-12.92012139081377,0
-12.90848014754102,0
-12.89683890426827,0
-12.88519766099552,0
-12.87355641772277,0
-12.86191517445002,0
-12.85027393117727,0
-12.83863268790453,0
-12.82699144463178,0
-12.81535020135903,0
-12.80370895808628,0
-12.79206771481353,0
-12.78042647154078,0
-12.76878522826803,0
-12.75714398499528,0
-12.74550274172253,0
-12.73386149844978,0
-12.72222025517704,0
-12.71057901190429,0
-12.69893776863154,0
-12.68729652535879,0
-12.67565528208604,0
-12.66401403881329,0
-12.65237279554054,0
-12.64073155226779,0
-12.62909030899504,0
-12.61744906572229,0
-12.60580782244955,0
-12.5941665791768,0
-12.58252533590405,0
-12.5708840926313,0
-12.55924284935855,0
-12.5476016060858,0
-12.53596036281305,0
-12.5243191195403,0
-12.51267787626755,0
-12.5010366329948,0
-12.48939538972206,0
-12.47775414644931,0
-12.46611290317656,0
-12.45447165990381,0
-12.44283041663106,0
-12.43118917335831,0
-12.41954793008556,0
-12.40790668681281,0
-12.39626544354006,0
-12.38462420026731,0
-12.37298295699456,0
-12.36134171372182,0
-12.34970047044907,0
-12.33805922717632,0
-12.32641798390357,0
-12.31477674063082,0
-12.30313549735807,0
-12.29149425408532,0
-12.27985301081257,0
-12.26821176753982,0
-12.25657052426707,0
-12.24492928099433,0
-12.23328803772158,0
-12.22164679444883,0
-12.21000555117608,0
-12.19836430790333,0
-12.18672306463058,0
-12.17508182135783,0
-12.16344057808508,0
-12.15179933481233,0
-12.14015809153958,0
-12.12851684826684,0
-12.11687560499409,0
-12.10523436172134,0
-12.09359311844859,0
-12.08195187517584,0
-12.07031063190309,0
-12.05866938863034,0
-12.04702814535759,0
-12.03538690208484,0
-12.0237456588121,0
-12.01210441553935,0
-12.0004631722666,0
-11.98882192899385,0
-11.9771806857211,0
-11.96553944244835,0
-11.9538981991756,0
-11.94225695590285,0
-11.9306157126301,0
-11.91897446935735,0
-11.90733322608461,0
-11.89569198281186,0
-11.88405073953911,0
-11.87240949626636,0
-11.86076825299361,0
-11.84912700972086,0
-11.83748576644811,0
-11.82584452317536,0
-11.81420327990261,0
-11.80256203662986,0
-11.79092079335712,0
-11.77927955008437,0
-11.76763830681162,0
-11.75599706353887,0
-11.74435582026612,0
-11.73271457699337,0
-11.72107333372062,0
-11.70943209044787,0
-11.69779084717512,0
-11.68614960390237,0
-11.67450836062963,0
-11.66286711735688,0
-11.65122587408413,0
-11.63958463081138,0
-11.62794338753863,0
-11.61630214426588,0
-11.60466090099313,0
-11.59301965772038,0
-11.58137841444763,0
-11.56973717117488,0
-11.55809592790213,0
-11.54645468462939,0
-11.53481344135664,0
-11.52317219808389,0
-11.51153095481114,0
-11.49988971153839,0
-11.48824846826564,0
-11.47660722499289,0
-11.46496598172014,0
-11.45332473844739,0
-11.44168349517464,0
-11.4300422519019,0
-11.41840100862915,0
-11.4067597653564,0
-11.39511852208365,0
-11.3834772788109,0
-11.37183603553815,0
-11.3601947922654,0
-11.34855354899265,0
-11.3369123057199,0
-11.32527106244715,0
-11.31362981917441,0
-11.30198857590166,0
-11.29034733262891,0
-11.27870608935616,0
-11.26706484608341,0
-11.25542360281066,0
-11.24378235953791,0
-11.23214111626516,0
-11.22049987299241,0
-11.20885862971966,0
-11.19721738644692,0
-11.18557614317417,0
-11.17393489990142,0
-11.16229365662867,0
-11.15065241335592,0
-11.13901117008317,0
-11.12736992681042,0
-11.11572868353767,0
-11.10408744026492,0
-11.09244619699217,0
-11.08080495371943,0
-11.06916371044668,0
-11.05752246717393,0
-11.04588122390118,0
-11.03423998062843,0
-11.02259873735568,0
-11.01095749408293,0
-10.99931625081018,0
-10.98767500753743,0
-10.97603376426469,0
-10.96439252099194,0
-10.95275127771919,0
-10.94111003444644,0
-10.92946879117369,0
-10.91782754790094,0
-10.90618630462819,0
-10.89454506135544,0
-10.88290381808269,0
-10.87126257480994,0
-10.8596213315372,0
-10.84798008826444,0
-10.8363388449917,0
-10.82469760171895,0
-10.8130563584462,0
-10.80141511517345,0
-10.7897738719007,0
-10.77813262862795,0
-10.7664913853552,0
-10.75485014208245,0
-10.7432088988097,0
-10.73156765553696,0
-10.71992641226421,0
-10.70828516899146,0
-10.69664392571871,0
-10.68500268244596,0
-10.67336143917321,0
-10.66172019590046,0
-10.65007895262771,0
-10.63843770935496,0
-10.62679646608221,0
-10.61515522280947,0
-10.60351397953672,0
-10.59187273626397,0
-10.58023149299122,0
-10.56859024971847,0
-10.55694900644572,0
-10.54530776317297,0
-10.53366651990022,0
-10.52202527662747,0
-10.51038403335472,0
-10.49874279008198,0
-10.48710154680923,0
-10.47546030353648,0
-10.46381906026373,0
-10.45217781699098,0
-10.44053657371823,0
-10.42889533044548,0
-10.41725408717273,0
-10.40561284389998,0
-10.39397160062723,0
-10.38233035735449,0
-10.37068911408174,0
-10.35904787080899,0
-10.34740662753624,0
-10.33576538426349,0
-10.32412414099074,0
-10.31248289771799,0
-10.30084165444524,0
-10.28920041117249,0
-10.27755916789974,0
-10.265917924627,0
-10.25427668135425,0
-10.2426354380815,0
-10.23099419480875,0
-10.219352951536,0
-10.20771170826325,0
-10.1960704649905,0
-10.18442922171775,0
-10.172787978445,0
-10.16114673517225,0
-10.14950549189951,0
-10.13786424862676,0
-10.12622300535401,0
-10.11458176208126,0
-10.10294051880851,0
-10.09129927553576,0
-10.07965803226301,0
-10.06801678899026,0
-10.05637554571751,0
-10.04473430244476,0
-10.03309305917201,0
-10.02145181589927,0
-10.00981057262652,0
-9.998169329353768,0
-9.98652808608102,0
-9.974886842808269,0
-9.963245599535521,0
-9.951604356262772,0
-9.939963112990023,0
-9.928321869717273,0
-9.916680626444524,0
-9.905039383171776,0
-9.893398139899027,0
-9.881756896626278,0
-9.870115653353528,0
-9.858474410080779,0
-9.846833166808031,0
-9.835191923535282,0
-9.823550680262533,0
-9.811909436989783,0
-9.800268193717034,0
-9.788626950444286,0
-9.776985707171537,0
-9.765344463898787,0
-9.753703220626038,0
-9.74206197735329,0
-9.730420734080541,0
-9.718779490807792,0
-9.707138247535042,0
-9.695497004262293,0
-9.683855760989545,0
-9.672214517716796,1.204223101520204e-007
-9.660573274444047,1.56580772772293e-007
-9.648932031171297,6.739554916978441e-007
-9.637290787898548,8.745382669598555e-007
-9.6256495446258,1.130991208983098e-006
-9.614008301353051,1.457714387225446e-006
-9.602367058080301,1.872485394692708e-006
-9.590725814807552,2.397161058133692e-006
-9.579084571534803,3.058501894389486e-006
-9.567443328262055,3.889135252770688e-006
-9.555802084989306,4.928673866616817e-006
-9.544160841716556,6.225007029152299e-006
-9.532519598443807,7.835781711747977e-006
-9.520878355171059,9.830090547013817e-006
-9.50923711189831,1.229038258429872e-005
-9.497595868625561,1.531461096202221e-005
-9.485954625352811,1.901862899511938e-005
-9.474313382080062,2.35388425106492e-005
-9.462672138807314,2.903512144808375e-005
-9.451030895534565,3.569396765108167e-005
-9.439389652261815,4.373192831070011e-005
-9.427748408989066,5.339923559863816e-005
-9.416107165716317,6.4983642611971e-005
-9.404465922443569,7.88144138429596e-005
-9.39282467917082,9.526641505070269e-005
-9.38118343589807,0.0001147642327745283
-9.369542192625321,0.0001377862379977399
-9.357900949352572,0.0001648684919353631
-9.346259706079824,0.0001966083749631148
-9.334618462807075,0.0002336678028042738
-9.322977219534325,0.0002767758778192216
-9.311335976261576,0.0003267308082632267
-9.299694732988828,0.0003844009154383268
-9.288053489716079,0.0004507245385800449
-9.276412246443329,0.0005267086409529408
-9.26477100317058,0.0006134259188671089
-9.253129759897831,0.0007120102190485976
-9.241488516625083,0.0008236500798326287
-9.229847273352334,0.0009495802287451437
-9.218206030079584,0.001091070893809836
-9.206564786806835,0.00124941481880121
-9.194923543534086,0.001425911913872047
-9.183282300261338,0.001621851522461121
-9.171641056988589,0.001838492342772103
-9.159999813715839,0.002077040106706765
-9.14835857044309,0.002338623189873481
-9.136717327170342,0.002624266401744008
-9.125076083897593,0.002934863283400823
-9.113434840624842,0.00327114731946329
-9.101793597352094,0.003633662548258102
-9.090152354079345,0.004022734127415032
-9.078511110806597,0.004438439477956783
-9.066869867533848,0.004880580685664856
-9.055228624261098,0.005348658881118619
-9.043587380988349,0.005841851346540067
-9.0319461377156,0.00635899210591467
-9.020304894442852,0.006898556742671375
-9.008663651170103,0.00745865215487677
-8.997022407897353,0.008037011900438359
-8.985381164624604,0.008630997703950247
-8.973739921351855,0.009237607593077703
-8.962098678079107,0.00985349100713814
-8.950457434806358,0.01047497107602895
-8.938816191533608,0.01109807410695831
-8.927174948260859,0.01171856614342352
-8.915533704988111,0.01233199628012367
-8.903892461715362,0.0129337462341328
-8.892251218442612,0.01351908549225374
-8.880609975169863,0.01408323118280591
-8.868968731897114,0.01462141166297933
-8.857327488624366,0.01512893267591959
-8.845686245351617,0.01560124482008139
-8.834045002078867,0.01603401099165348
-8.822403758806118,0.01642317241273007
-8.810762515533369,0.01676501184608965
-8.799121272260621,0.01705621262350076
-8.787480028987872,0.01729391217871951
-8.775838785715122,0.01747574887780017
-8.764197542442373,0.01759990107573885
-8.752556299169624,0.01767121521422478
-8.740915055896876,0.01768896952614446
-8.729273812624125,0.01767073822664275
-8.717632569351377,0.01761670583386284
-8.705991326078628,0.01750356634204378
-8.69435008280588,0.01733246004610793
-8.682708839533131,0.0171051023788685
-8.671067596260381,0.01682375528012859
-8.659426352987632,0.01649118973607604
-8.647785109714883,0.01611064035647459
-8.636143866442135,0.0156857530306191
-8.624502623169386,0.01522052684586073
-8.612861379896636,0.01471925156098496
-8.601220136623887,0.01418644199832684
-8.589578893351138,0.01362677075200136
-8.57793765007839,0.01304500060507672
-8.566296406805639,0.01244591800724631
-8.554655163532891,0.01183426888905355
-8.543013920260142,0.01121469798252451
-8.531372676987393,0.01059169268557031
-8.519731433714645,0.009969532353817196
-8.508090190441894,0.009352243734152142
-8.496448947169146,0.008743563075023489
-8.484807703896397,0.008146905265218768
-8.473166460623649,0.007565340171075716
-8.4615252173509,0.007001576167108156
-8.44988397407815,0.006457950691542238
-8.438242730805401,0.005936427510278747
-8.426601487532652,0.005438600243565014
-8.414960244259904,0.004965701601579594
-8.403319000987153,0.004518617689744375
-8.391677757714405,0.004097906682571872
-8.380036514441656,0.003703821126108952
-8.368395271168907,0.0033363331126938
-8.356754027896159,0.002995161576295853
-8.345112784623408,0.00267980098011919
-8.33347154135066,0.002389550707964259
-8.321830298077911,0.002123544524317174
-8.310189054805163,0.001880779532362324
-8.298547811532414,0.00166014413113809
-8.286906568259663,0.001460444549985166
-8.275265324986915,0.001280429617536281
-8.263624081714166,0.001118813501264395
-8.251982838441418,0.0009742962298380965
-8.240341595168667,0.0008455818823608752
-8.228700351895919,0.0007313943944907121
-8.21705910862317,0.0006356463581653932
-8.205417865350421,0.0005483766382062824
-8.193776622077673,0.0004879758466629807
-8.182135378804922,0.0004298050396917207
-8.170494135532174,0.0003806015327687128
-8.158852892259425,0.0003420184385105247
-8.147211648986676,0.0003138666160546647
-8.135570405713928,0.0002961861716829601
-8.123929162441177,0.0002892778080367142
-8.112287919168429,0.00029373864534929
-8.10064667589568,0.0003105033528920487
-8.089005432622932,0.0003408914363179955
-8.077364189350181,0.0003866615168172074
-8.065722946077433,0.0004500734074484306
-8.054081702804684,0.0005339587366550865
-8.042440459531935,0.0006418007843495323
-8.030799216259187,0.0007778240772749021
-8.019157972986436,0.000947094132687058
-8.007516729713688,0.001155627537845833
-7.995875486440939,0.001410512302774959
-7.98423424316819,0.00172003812126189
-7.972592999895442,0.002093835817094591
-7.960951756622691,0.002543024837382082
-7.949310513349943,0.003080367182534384
-7.937669270077194,0.003720425635307445
-7.926028026804445,0.004479723574053189
-7.914386783531695,0.00537690303572931
-7.902745540258946,0.006432877043402248
-7.891104296986198,0.007670971545577902
-7.879463053713449,0.009117051649101845
-7.867821810440701,0.01079962618571986
-7.85618056716795,0.01274992406041994
-7.844539323895202,0.01500193531640784
-7.832898080622453,0.01759231714823939
-7.821256837349704,0.02056073273345486
-7.809615594076956,0.02394875558976556
-7.797974350804205,0.02780166819743548
-7.786333107531457,0.03216565053503531
-7.774691864258708,0.03708919358620882
-7.763050620985959,0.04262221342233999
-7.751409377713209,0.04881554630712798
-7.73976813444046,0.05572035097133819
-7.728126891167712,0.06338741717707003
-7.716485647894963,0.07186638192586661
-7.704844404622214,0.08120485718504052
-7.693203161349464,0.09144747577096499
-7.681561918076715,0.1026348649815184
-7.669920674803967,0.1148025606427595
-7.658279431531218,0.1279798773440752
-7.64663818825847,0.1421887536862347
-7.634996944985719,0.1574425942528649
-7.623355701712971,0.1737451326257296
-7.611714458440222,0.1910893419822602
-7.600073215167473,0.2094564215251751
-7.588431971894723,0.228814888089021
-7.576790728621974,0.2491198026474512
-7.565149485349226,0.2703121610233326
-7.553508242076477,0.2923184768164492
-7.541866998803728,0.3150505823699477
-7.530225755530978,0.3384056704841103
-7.518584512258229,0.362266595572997
-7.506943268985481,0.386502448097476
-7.495302025712732,0.4109694104825013
-7.483660782439983,0.4355118964557857
-7.472019539167233,0.4599639689790636
-7.460378295894484,0.4841510248594748
-7.448737052621736,0.5078917269276757
-7.437095809348987,0.5310001575682066
-7.425454566076237,0.5532881606130695
-7.413813322803488,0.5745678323894417
-7.40217207953074,0.594654117267894
-7.390530836257991,0.6133674585934661
-7.378889592985242,0.6305364525791876
-7.367248349712492,0.6460004507485957
-7.355607106439743,0.6596120559398621
-7.343965863166995,0.6712394577940118
-7.332324619894246,0.6807685560595234
-7.320683376621497,0.6881048239208802
-7.309042133348747,0.6931748688142693
-7.297400890075998,0.6961887042238099
-7.28575964680325,0.6971158549163022
-7.274118403530501,0.6964703817694046
-7.262477160257751,0.6943938360986938
-7.250835916985002,0.6901226904707736
-7.239194673712253,0.6835649497210344
-7.227553430439505,0.6747863391824096
-7.215912187166756,0.6638741864904834
-7.204270943894006,0.6509359754733137
-7.192629700621257,0.6360975840556775
-7.180988457348509,0.6195012465655669
-7.16934721407576,0.6013032865444077
-7.157705970803011,0.5816716705374284
-7.146064727530261,0.5607834362741758
-7.134423484257512,0.5388220500888069
-7.122782240984764,0.5159747483738375
-7.111140997712015,0.49242991635737
-7.099499754439265,0.4683745546365944
-7.087858511166516,0.4439918798249645
-7.076217267893767,0.419459100547121
-7.064576024621019,0.3949454040418439
-7.05293478134827,0.3706101820254724
-7.04129353807552,0.346601517452971
-7.029652294802771,0.3230549466193474
-7.018011051530023,0.3000925038919493
-7.006369808257274,0.2778220494614687
-6.994728564984525,0.2563368740326721
-6.983087321711775,0.23571556850509
-6.971446078439026,0.216022141549185
-6.959804835166278,0.1973063636621197
-6.948163591893529,0.1796043162258222
-6.93652234862078,0.1629391007732504
-6.924881105348032,0.1473217150486943
-6.913239862075283,0.1327520322243175
-6.901598618802531,0.1192198644948858
-6.889957375529782,0.106706088600451
-6.878316132257034,0.09518380003884425
-6.866674888984285,0.08461947218440151
-6.855033645711536,0.07497409763775173
-6.843392402438788,0.0662042919365685
-6.831751159166039,0.05826334276522918
-6.820109915893291,0.05110219090426289
-6.808468672620542,0.04467033225919091
-6.79682742934779,0.03891663331515215
-6.785186186075041,0.03379005520397676
-6.773544942802293,0.02924028418371042
-6.761903699529544,0.02521826867113422
-6.750262456256795,0.02167666500403045
-6.738621212984047,0.01857019582387848
-6.726979969711298,0.01585592635583558
-6.715338726438549,0.01349346492676507
-6.703697483165801,0.01144509481852041
-6.692056239893052,0.009675845024991978
-6.6804149966203,0.008153507695564057
-6.668773753347551,0.006848610036512917
-6.657132510074803,0.00573434823963877
-6.645491266802054,0.004786490648947269
-6.633850023529305,0.003983256895800833
-6.622208780256557,0.003305179163334861
-6.610567536983808,0.002734951112280693
-6.59892629371106,0.002257269339756265
-6.587285050438311,0.001858671573665975
-6.575643807165559,0.001527375147966523
-6.56400256389281,0.00125311867432291
-6.552361320620062,0.001027009236069267
-6.540720077347313,0.0008413768899477045
-6.529078834074564,0.0006896377757522544
-6.517437590801816,0.000566166706930033
-6.505796347529067,0.0004661797472114653
-6.494155104256318,0.0003856269683378296
-6.48251386098357,0.000321095329272044
-6.470872617710818,0.00026972184492494
-6.459231374438069,0.0002291141697852914
-6.44759013116532,0.0001972839147520315
-6.435948887892572,0.0001725846267599121
-6.424307644619823,0.0001536591334203706
-6.412666401347074,0.0001393935138793744
-6.401025158074326,0.0001288773465573736
-6.389383914801577,0.0001213695708125075
-6.377742671528829,0.0001124054809738446
-6.36610142825608,0.0001103346777118957
-6.354460184983328,9.770494556333093e-005
-6.342818941710579,9.875690039169424e-005
-6.331177698437831,0.0001025264843818943
-6.319536455165082,0.000106342334456947
-6.307895211892333,0.0001101979794397357
-6.296253968619585,0.0001140851309320257
-6.284612725346836,0.0001179935101166886
-6.272971482074087,0.0001219126270680348
-6.261330238801339,0.0001258246026237958
-6.249688995528587,0.0001297140571848198
-6.238047752255838,0.0001335619096452602
-6.226406508983089,0.0001373469248438776
-6.214765265710341,0.0001410458565586857
-6.203124022437592,0.0001446336548820204
-6.191482779164844,0.0001480837367767141
-6.179841535892095,0.0001513683166674273
-6.168200292619346,0.0001544587919938086
-6.156559049346598,0.0001573261768109616
-6.144917806073845,0.0001599415748333995
-6.133276562801097,0.0001622766818431627
-6.121635319528348,0.0001643049599001743
-6.1099940762556,0.0001659997451272892
-6.098352832982851,0.0001673381559636628
-6.086711589710102,0.0001682994710130349
-6.075070346437354,0.0001688688676357171
-6.063429103164605,0.000169029774059536
-6.051787859891856,0.000168774514584316
-6.040146616619108,0.0001680922246510893
-6.028505373346356,0.0001671555044091804
-6.016864130073607,0.0001660571884934653
-6.005222886800858,0.0001646302539147795
-5.99358164352811,0.0001627912255018893
-5.981940400255361,0.000160552606048906
-5.970299156982613,0.0001579316304045974
-5.958657913709864,0.0001549500929824146
-5.947016670437115,0.0001517858418730019
-5.935375427164367,0.0001486812265296971
-5.923734183891614,0.0001449897435007382
-5.912092940618866,0.0001411202948941671
-5.900451697346117,0.0001372010074729717
-5.888810454073369,0.00013316550610289
-5.87716921080062,0.0001291372821405387
-5.865527967527871,0.0001251894157131917
-5.853886724255123,0.0001214174408253434
-5.842245480982374,0.0001178825741993441
-5.830604237709625,0.0001146931825943429
-5.818962994436873,0.000111955527472051
-5.807321751164125,0.0001097871423550962
-5.795680507891376,0.000108318605275754
-5.784039264618627,0.0001076956369432797
-5.772398021345879,0.0001080815424031769
-5.76075677807313,0.0001096600085215558
-5.749115534800382,0.0001126382629639762
-5.737474291527633,0.0001172505923471933
-5.725833048254884,0.0001237622078312602
-5.714191804982136,0.000132473435515341
-5.702550561709384,0.0001437241965598761
-5.690909318436635,0.0001578987279779983
-5.679268075163886,0.0001754304795711137
-5.667626831891138,0.0001968071056438495
-5.655985588618389,0.0002225754521166115
-5.64434434534564,0.0002533464207434833
-5.632703102072892,0.0002897995727214852
-5.621061858800143,0.000332687314532044
-5.609420615527395,0.0003828384899831689
-5.597779372254642,0.0004411611848247763
-5.586138128981894,0.0005086456164794778
-5.574496885709145,0.0005863608003842756
-5.562855642436396,0.000675459007847236
-5.551214399163648,0.0007771922801109412
-5.539573155890899,0.00089286342147997
-5.527931912618151,0.001023821259089789
-5.516290669345402,0.001171494449378708
-5.504649426072653,0.001337358479802365
-5.493008182799901,0.001522921553995073
-5.481366939527153,0.001729707708874449
-5.469725696254404,0.001959237116969621
-5.458084452981655,0.002213002545155423
-5.446443209708907,0.002492450148768333
-5.434801966436158,0.002798938985433284
-5.423160723163409,0.003133723746293762
-5.411519479890661,0.003497916954831206
-5.399878236617912,0.003892455917678122
-5.388236993345164,0.004318069652472572
-5.376595750072411,0.004775241490093075
-5.364954506799663,0.005264177943410538
-5.353313263526914,0.005784869863403327
-5.341672020254165,0.006336867143555094
-5.330030776981417,0.006919250245398814
-5.318389533708668,0.007530799366123555
-5.30674829043592,0.008169878370224985
-5.295107047163171,0.008834420085833334
-5.283465803890422,0.009521915143369418
-5.27182456061767,0.01022941339591664
-5.260183317344922,0.01095352891293607
-5.248542074072173,0.01169045349752917
-5.236900830799424,0.01243597928766136
-5.225259587526676,0.01318553041650278
-5.213618344253927,0.0139341994971372
-5.201977100981178,0.01467683166631571
-5.19033585770843,0.01540801128854396
-5.178694614435681,0.01612212462141341
-5.167053371162929,0.01681349454299654
-5.15541212789018,0.0174765603139439
-5.143770884617432,0.01810578372010191
-5.132129641344683,0.01869570721701113
-5.120488398071935,0.01924091250392569
-5.108847154799186,0.01973617879109814
-5.097205911526437,0.02017686110978043
-5.085564668253689,0.02055875306616697
-5.07392342498094,0.020878154666351
-5.062282181708191,0.02113193785976049
-5.050640938435439,0.02131759314655826
-5.038999695162691,0.02143327439241377
-5.027358451889942,0.02148551090710071
-5.015717208617193,0.02149758969881037
-5.004075965344445,0.02146170894861297
-4.992434722071696,0.02135442270290263
-4.980793478798947,0.02118056364756958
-4.969152235526199,0.02094187332332131
-4.95751099225345,0.02063697259442874
-4.945869748980698,0.02026886637673719
-4.934228505707949,0.019841929930716
-4.922587262435201,0.01936026669472688
-4.910946019162452,0.0188276463301616
-4.899304775889704,0.0182490109017422
-4.887663532616955,0.01762961547771972
-4.876022289344206,0.0169749469286901
-4.864381046071458,0.01629064441431203
-4.852739802798709,0.01558242081683615
-4.84109855952596,0.01485598292894119
-4.829457316253208,0.01411695883693742
-4.81781607298046,0.01337082460791576
-4.806174829707711,0.01262284393340902
-4.794533586434962,0.0118780097606327
-4.782892343162214,0.01114099157659623
-4.771251099889465,0.01041610160766125
-4.759609856616716,0.009707249581122429
-4.747968613343968,0.009017931699992748
-4.736327370071219,0.008351200448707432
-4.724686126798467,0.007709671519952706
-4.713044883525718,0.007095508762018719
-4.70140364025297,0.006510443898510752
-4.689762396980221,0.005955780494148961
-4.678121153707473,0.005432419133354663
-4.666479910434724,0.00494093365779008
-4.654838667161975,0.0044815062675945
-4.643197423889227,0.004053908472882031
-4.631556180616478,0.003657709467121893
-4.619914937343726,0.003292235937636714
-4.608273694070977,0.002956509689166379
-4.596632450798229,0.002649449059339172
-4.58499120752548,0.002371272613507288
-4.573349964252731,0.002118583757142576
-4.561708720979983,0.001890709675952449
-4.550067477707234,0.001686107376969204
-4.538426234434486,0.001503793117522608
-4.526784991161737,0.001341784832475894
-4.515143747888988,0.001198655793852827
-4.503502504616236,0.001073158729764271
-4.491861261343487,0.0009640171116690952
-4.480220018070739,0.000870051993283301
-4.46857877479799,0.0007902312382018085
-4.456937531525242,0.0007235652193052528
-4.445296288252493,0.0006692421980780616
-4.433655044979744,0.000626618723878705
-4.422013801706996,0.0005952099153402544
-4.410372558434247,0.0005747336799398909
-4.398731315161495,0.0005650823888472276
-4.387090071888746,0.0005663676612962576
-4.375448828615998,0.0005789687959532964
-4.363807585343249,0.0006034864169500865
-4.3521663420705,0.0006407192258649513
-4.340525098797752,0.00069176741321082
-4.328883855525003,0.0007580395227678466
-4.317242612252255,0.000841261807754607
-4.305601368979506,0.0009435364364049247
-4.293960125706754,0.001067283887300697
-4.282318882434005,0.001215257177078815
-4.270677639161256,0.001390623595563285
-4.259036395888508,0.001596967264381126
-4.247395152615759,0.001838313847673737
-4.235753909343011,0.002119117219577017
-4.224112666070262,0.002444272218361023
-4.212471422797513,0.002819128153236589
-4.200830179524765,0.003249482159514565
-4.189188936252016,0.003741583232714061
-4.177547692979264,0.004302077808676974
-4.165906449706515,0.004937982225398215
-4.154265206433767,0.005656654137224328
-4.142623963161018,0.006465742245963547
-4.130982719888269,0.007373106775935523
-4.119341476615521,0.008386740359374607
-4.107700233342772,0.009514601773434534
-4.096058990070024,0.01076453265888694
-4.084417746797275,0.01214493713052444
-4.072776503524523,0.01366279932710743
-4.061135260251774,0.0153250148124329
-4.049494016979025,0.01713802765879645
-4.037852773706277,0.01910727908463799
-4.026211530433528,0.02123726243599991
-4.01457028716078,0.02353130990494364
-4.002929043888031,0.02599143335797248
-3.991287800615282,0.02861808732755087
-3.979646557342534,0.03141005265271082
-3.968005314069782,0.03436423423827841
-3.956364070797033,0.03747554954928451
-3.944722827524284,0.04073675597636887
-3.933081584251536,0.04413841349734839
-3.921440340978787,0.04766883754598764
-3.909799097706038,0.05131408540912526
-3.89815785443329,0.05505790041722317
-3.886516611160541,0.05888172524909135
-3.874875367887793,0.06276490560622501
-3.863234124615044,0.06668469573380866
-3.851592881342292,0.07061658767336239
-3.839951638069543,0.07453443189399059
-3.828310394796795,0.07841069333251008
-3.816669151524046,0.08221674061551423
-3.805027908251297,0.08592320814807732
-3.793386664978549,0.08950039196107038
-3.7817454217058,0.09291855358117517
-3.770104178433051,0.09614842775151743
-3.758462935160303,0.09916153801933447
-3.746821691887551,0.1019307164159376
-3.735180448614802,0.1044311312150997
-3.723539205342053,0.1066396315830095
-3.711897962069305,0.1085346250898758
-3.700256718796556,0.1100988026584064
-3.688615475523807,0.1113168084661529
-3.676974232251059,0.1121754834757692
-3.66533298897831,0.1127409513041213
-3.653691745705562,0.1130315728709232
-3.642050502432809,0.1129917957954542
-3.630409259160061,0.1126131361522958
-3.618768015887312,0.1119109526142812
-3.607126772614564,0.1108928827623269
-3.595485529341815,0.1095373959660008
-3.583844286069066,0.1078428011249657
-3.572203042796318,0.1058238071842468
-3.560561799523569,0.1034991690383259
-3.54892055625082,0.1008921515241871
-3.537279312978072,0.09802717026474629
-3.52563806970532,0.09492922261242452
-3.513996826432571,0.09162596622930987
-3.502355583159822,0.08814618318382674
-3.490714339887074,0.08451961736957585
-3.479073096614325,0.0807759791710804
-3.467431853341576,0.07694464363887926
-3.455790610068828,0.0730546959439668
-3.444149366796079,0.06913418671218538
-3.432508123523331,0.0652100790638879
-3.420866880250578,0.06130795942766142
-3.40922563697783,0.0574516331811455
-3.397584393705081,0.05366295353192768
-3.385943150432333,0.04996187878928295
-3.374301907159584,0.04636601335255105
-3.362660663886835,0.04289058260409014
-3.351019420614087,0.03954860478658599
-3.339378177341338,0.03635081427994183
-3.327736934068589,0.03330571955185448
-3.316095690795837,0.03041966360889604
-3.304454447523089,0.02769695694522049
-3.29281320425034,0.02514001023805752
-3.281171960977591,0.02274934496335785
-3.269530717704843,0.02052379190935242
-3.257889474432094,0.01846085712517298
-3.246248231159346,0.01655673551772178
-3.234606987886597,0.01480652570508959
-3.222965744613848,0.01320440862819042
-3.2113245013411,0.01174381888076616
-3.199683258068347,0.0104176154800828
-3.188042014795599,0.00921820273964025
-3.17640077152285,0.0081377414593928
-3.164759528250102,0.007168326670261914
-3.153118284977353,0.006301943232288882
-3.141477041704604,0.005530587241274703
-3.129835798431856,0.004846479989114923
-3.118194555159107,0.004242091687719274
-3.106553311886358,0.003710181984921383
-3.094912068613606,0.003243851591872278
-3.083270825340858,0.002836594271834675
-3.071629582068109,0.002482272686823273
-3.05998833879536,0.002175211610988923
-3.048347095522612,0.001910204302716483
-3.036705852249863,0.001682403111318479
-3.025064608977115,0.00148734041318957
-3.013423365704366,0.001321015186686084
-3.001782122431617,0.00117981711388211
-2.990140879158869,0.001060494080477568
-2.978499635886116,0.0009601553691744986
-2.966858392613368,0.0008762071736158265
-2.955217149340619,0.0008063476988542781
-2.943575906067871,0.0007485883910081213
-2.931934662795122,0.0007011392175897903
-2.920293419522373,0.0006624952150162927
-2.908652176249625,0.0006313040298690935
-2.897010932976876,0.0006063505857188541
-2.885369689704127,0.0005866310246149326
-2.873728446431375,0.0005712472498242464
-2.862087203158627,0.0005594446723139185
-2.850445959885878,0.0005506051770193963
-2.838804716613129,0.0005441532557048498
-2.827163473340381,0.0005395870740969547
-2.815522230067632,0.0005365058913173573
-2.803880986794884,0.0005345982659869132
-2.792239743522135,0.0005335428160932012
-2.780598500249386,0.0005330545521880496
-2.768957256976634,0.0005329726742842082
-2.757316013703886,0.0005330920820505336
-2.745674770431137,0.0005321318293322998
-2.734033527158388,0.0005321198303345373
-2.72239228388564,0.0005320320843435987
-2.710751040612891,0.0005318537289778575
-2.699109797340142,0.0005310376018130517
-2.687468554067394,0.0005301167384691037
-2.675827310794645,0.0005289200532789316
-2.664186067521897,0.0005271834883399112
-2.652544824249144,0.0005248979073921059
-2.640903580976396,0.0005222598200135422
-2.629262337703647,0.0005193181640729218
-2.617621094430898,0.0005161074970365404
-2.60597985115815,0.0005125874877234051
-2.594338607885401,0.0005086296218363479
-2.582697364612653,0.0005042837248639713
-2.571056121339904,0.0004996041020848035
-2.559414878067155,0.0004946449318389067
-2.547773634794403,0.0004894389117207419
-2.536132391521655,0.0004840512042109324
-2.524491148248906,0.0004785458436045663
-2.512849904976157,0.0004729880954877666
-2.501208661703409,0.0004674395071939911
-2.48956741843066,0.0004619711587764811
-2.477926175157911,0.0004566471058426857
-2.466284931885163,0.0004515332414995507
-2.454643688612414,0.0004467447917851511
-2.443002445339662,0.0004423498981657209
-2.431361202066913,0.0004383602596630657
-2.419719958794165,0.0004348377275156096
-2.408078715521416,0.0004318622872686219
-2.396437472248667,0.0004294470500643548
-2.384796228975919,0.0004276024916907002
-2.37315498570317,0.0004263653083818529
-2.361513742430422,0.0004257730248120516
-2.349872499157673,0.0004258459490160259
-2.338231255884924,0.0004265779256013348
-2.326590012612172,0.0004279498279819034
-2.314948769339424,0.0004299552172986561
-2.303307526066675,0.0004325770551091442
-2.291666282793926,0.0004357837932748031
-2.280025039521178,0.0004395604459543996
-2.268383796248429,0.0004438799394242525
-2.25674255297568,0.0004486845313926777
-2.245101309702932,0.0004539199376179419
-2.233460066430183,0.0004595384691271925
-2.221818823157431,0.0004654993112452674
-2.210177579884682,0.0004717736087249128
-2.198536336611934,0.0004783220515615177
-2.186895093339185,0.0004850917195712843
-2.175253850066437,0.0004919877562256505
-2.163612606793688,0.0004989451142045727
-2.151971363520939,0.0005058963682997193
-2.140330120248191,0.0005127837647723405
-2.128688876975442,0.0005195441588779221
-2.11704763370269,0.0005261181102576734
-2.105406390429941,0.000532457135793249
-2.093765147157193,0.0005385225476623838
-2.082123903884444,0.0005442867701415865
-2.070482660611695,0.000549701833259993
-2.058841417338947,0.0005547120011134266
-2.047200174066198,0.000559260053221832
-2.035558930793449,0.0005633854932028551
-2.023917687520701,0.0005671436404363545
-2.012276444247952,0.0005704576693876626
-2.0006352009752,0.0005732322509764787
-1.988993957702451,0.0005754606489566483
-1.977352714429703,0.0005771469736580495
-1.965711471156954,0.0005783367259042472
-1.954070227884206,0.0005790417189115812
-1.942428984611457,0.0005792451473100042
-1.930787741338708,0.0005790223842101862
-1.91914649806596,0.0005783991397888078
-1.907505254793211,0.0005773780582263652
-1.895864011520459,0.000576070844771103
-1.88422276824771,0.000574521583976334
-1.872581524974962,0.0005727235210061464
-1.860940281702213,0.0005707107343752905
-1.849299038429464,0.0005685546626427655
-1.837657795156716,0.0005663239968892793
-1.826016551883967,0.0005640837743493427
-1.814375308611218,0.0005619276610050438
-1.80273406533847,0.0005599118018598159
-1.791092822065718,0.0005580997417167003
-1.779451578792969,0.0005565194712627804
-1.76781033552022,0.0005551552494930489
-1.756169092247472,0.0005540416333180407
-1.744527848974723,0.0005532231106936761
-1.732886605701975,0.000552726572175632
-1.721245362429226,0.0005525685025984167
-1.709604119156477,0.0005527880932941216
-1.697962875883729,0.0005533951589279505
-1.68632163261098,0.0005543950425790625
-1.674680389338228,0.0005558227009304479
-1.663039146065479,0.0005576760519540852
-1.651397902792731,0.0005599379717538974
-1.639756659519982,0.0005626116169620807
-1.628115416247233,0.0005656544007811065
-1.616474172974485,0.0005690286352512721
-1.604832929701736,0.0005727191331796441
-1.593191686428988,0.0005766910633659597
-1.581550443156239,0.0005808959042604472
-1.569909199883487,0.0005853331857661174
-1.558267956610738,0.0005899561740289911
-1.546626713337989,0.0005946827472633955
-1.534985470065241,0.0005994676292979664
-1.523344226792492,0.0006043144364774011
-1.511702983519744,0.0006092465876150457
-1.500061740246995,0.0006142036567756982
-1.488420496974246,0.0006192277503120143
-1.476779253701498,0.0006242348325251481
-1.465138010428746,0.000629021788824004
-1.453496767155997,0.0006335435768880605
-1.441855523883248,0.0006377807946128501
-1.4302142806105,0.0006416918210423282
-1.418573037337751,0.000645334008665717
-1.406931794065002,0.0006486752340545184
-1.395290550792254,0.000651565057761121
-1.383649307519505,0.0006539789214509903
-1.372008064246757,0.0006558959260775393
-1.360366820974008,0.0006573089112456075
-1.348725577701256,0.0006582807492053816
-1.337084334428507,0.0006588386327312747
-1.325443091155758,0.0006589036920961117
-1.31380184788301,0.0006584351011452473
-1.302160604610261,0.0006574439131693106
-1.290519361337513,0.0006560248848832648
-1.278878118064764,0.0006541915116145459
-1.267236874792015,0.0006518641817303051
-1.255595631519267,0.0006490485932684724
-1.243954388246515,0.0006458253540197113
-1.232313144973766,0.0006422243217117888
-1.220671901701017,0.0006382483963966415
-1.209030658428269,0.0006339910543784641
-1.19738941515552,0.0006294633811392657
-1.185748171882771,0.0006246220121362885
-1.174106928610023,0.0006194928777770612
-1.162465685337274,0.0006141604317161158
-1.150824442064526,0.0006086561297647965
-1.139183198791773,0.0006030180548747113
-1.127541955519025,0.000597326842359395
-1.115900712246276,0.0005915743603446363
-1.104259468973527,0.0005857371553594512
-1.092618225700779,0.000579853554406763
-1.08097698242803,0.000573966766171735
-1.069335739155282,0.0005681641757976379
-1.057694495882533,0.0005624921292292161
-1.046053252609784,0.0005569232074965074
-1.034412009337036,0.0005514655514699553
-1.022770766064284,0.0005461706509348462
-1.011129522791535,0.0005410728610023386
-0.9994882795187863,0.0005361830768910634
-0.9878470362460377,0.000531504562817382
-0.976205792973289,0.0005270358244657198
-0.9645645497005404,0.0005227972853200873
-0.9529233064277918,0.0005187927672473424
-0.9412820631550432,0.0005150185263327468
-0.9296408198822945,0.0005115717042336398
-0.9179995766095423,0.0005084484281531889
-0.9063583333367937,0.000505593087637145
-0.8947170900640451,0.0005029930288592906
-0.8830758467912965,0.0005005836231798403
-0.8714346035185479,0.0004983584966380845
-0.8597933602457992,0.0004963024002567076
-0.8481521169730506,0.0004943903870136195
-0.836510873700302,0.0004925987054638477
-0.8248696304275534,0.0004908871842127677
-0.8132283871548047,0.000489219184388074
-0.8015871438820525,0.0004875689441899291
-0.7899459006093039,0.0004859205760336268
-0.7783046573365553,0.0004842746544790372
-0.7666634140638067,0.0004826245249335395
-0.755022170791058,0.0004809876073992366
-0.7433809275183094,0.0004793514993236729
-0.7317396842455608,0.0004776140843092718
-0.7200984409728122,0.0004757203280276154
-0.7084571977000636,0.0004736759624119355
-0.6968159544273114,0.0004714468832892805
-0.6851747111545627,0.000468989952017452
-0.6735334678818141,0.0004662841051810773
-0.6618922246090655,0.0004633094982650626
-0.6502509813363169,0.0004601262844658798
-0.6386097380635682,0.0004567519459332361
-0.6269684947908196,0.0004531635644991198
-0.615327251518071,0.0004493338346604403
-0.6036860082453224,0.0004452086646650318
-0.5920447649725702,0.0004407986813912454
-0.5804035216998216,0.000436112559684341
-0.5687622784270729,0.0004311583181871584
-0.5571210351543243,0.0004259522758502584
-0.5454797918815757,0.0004205068930555543
-0.5338385486088271,0.0004148504541858886
-0.5221973053360784,0.0004090932898970564
-0.5105560620633298,0.0004032573894093142
-0.4989148187905812,0.0003972591039787267
-0.4872735755178326,0.0003911361283460404
-0.4756323322450804,0.0003849208129714497
-0.4639910889723318,0.0003786083292394207
-0.4523498456995831,0.00037220622570017
-0.4407086024268345,0.0003657803451291864
-0.4290673591540859,0.0003593717254743181
-0.4174261158813373,0.0003529705170173255
-0.4057848726085886,0.000346588603677431
-0.39414362933584,0.0003402466659010396
-0.3825023860630914,0.000333950070172997
-0.3708611427903392,0.0003276993328247039
-0.3592198995175906,0.0003215074641313705
-0.347578656244842,0.0003153756128576264
-0.3359374129720933,0.0003093072351269346
-0.3242961696993447,0.0003033217549631537
-0.3126549264265961,0.000297442233253758
-0.3010136831538475,0.0002916585196272268
-0.2893724398810988,0.000285961359685338
-0.2777311966083502,0.0002803482874731956
-0.266089953335598,0.0002748290218347325
-0.2544487100628494,0.0002693986773601317
-0.2428074667901008,0.0002640319409547573
-0.2311662235173522,0.0002587367560773799
-0.2195249802446035,0.0002535054522829326
-0.2078837369718549,0.0002483173861839533
-0.1962424936991063,0.0002431777786993466
-0.1846012504263577,0.0002380773660473591
-0.172960007153609,0.0002329944568368898
-0.1613187638808604,0.0002279393794374882
-0.1496775206081082,0.0002229135274589423
-0.1380362773353596,0.0002179283033382957
-0.126395034062611,0.0002130257716921696
-0.1147537907898624,0.0002081661817669
-0.1031125475171137,0.000203295346585651
-0.09147130424436512,0.000198407057391238
-0.07983006097161649,0.0001934861528438624
-0.06818881769886787,0.0001885522560913515
-0.05654757442611924,0.0001836089660684717
-0.04490633115336706,0.0001786449266214311
-0.03326508788061844,0.0001736566325678097
-0.02162384460786981,0.0001686399033475615
-0.009982601335121188,0.0001636022639278323
0.001658641937627436,0.0001585478573695327
0.01329988521037606,0.0001534754919398916
0.02494112848312469,0.0001483933297782719
0.03658237175587331,0.0001433060549087045
0.04822361502862194,0.0001382225392776521
0.05986485830137411,0.0001331568695523541
0.07150610157412274,0.0001281202567392871
0.08314734484687136,0.0001231139968329312
0.09478858811961999,0.0001181560310852548
0.1064298313923686,0.0001132578752841416
0.1180710746651172,0.0001084172168773344
0.1297123179378659,0.0001036500261566579
0.1413535612106145,9.896812362245414e-005
0.1529948044833631,9.436798068236423e-005
0.1646360477561117,8.987218586621804e-005
0.1762772910288639,8.549100345225839e-005
0.1879185343016125,8.121106551184387e-005
0.1995597775743612,7.70329351571345e-005
0.2112010208471098,7.296634906474317e-005
0.2228422641198584,6.901642112695893e-005
0.234483507392607,6.518197291787394e-005
0.2461247506653557,6.146680345113414e-005
0.2577659939381043,5.787408111642445e-005
0.2694072372108529,5.440571454976789e-005
0.2810484804836051,5.10663610423297e-005
0.2926897237563537,4.786178556006622e-005
0.3043309670291023,4.47953487378713e-005
0.315972210301851,4.186289279637894e-005
0.3276134535745996,3.906578921916747e-005
0.3392546968473482,3.640548151311738e-005
0.3508959401200968,3.388279491013821e-005
0.3625371833928455,3.149881257961932e-005
0.3741784266655941,2.92539424098406e-005
0.3858196699383463,2.714883755339197e-005
0.3974609132110949,2.518258689509642e-005
0.4091021564838435,2.335848358780919e-005
0.4207433997565921,2.167519699306876e-005
0.4323846430293408,2.013222499617806e-005
0.4440258863020894,1.873031649777935e-005
0.455667129574838,1.74694516901213e-005
0.4673083728475866,1.63493487495079e-005
0.4789496161203353,1.536928203051683e-005
0.4905908593930839,1.45303633917409e-005
0.5022321026658361,1.383211731927909e-005
0.5138733459385847,1.327425677545486e-005
0.5255145892113333,1.28564859891216e-005
0.5371558324840819,1.257882014987582e-005
0.5487970757568306,1.244060197549972e-005
0.5604383190295792,1.244140423013546e-005
0.5720795623023278,1.258055489025922e-005
0.5837208055750764,1.285706905006578e-005
0.5953620488478251,1.326955897419951e-005
0.6070032921205772,1.381672268260078e-005
0.6186445353933259,1.449689093120945e-005
0.6302857786660745,1.530733405384853e-005
0.6419270219388231,1.624529538806443e-005
0.6535682652115717,1.730679431707214e-005
0.6652095084843204,1.848827097426759e-005
0.676850751757069,1.978436142934483e-005
0.6884919950298176,2.118908472699698e-005
0.7001332383025662,2.269624238170236e-005
0.7117744815753184,2.429806775110426e-005
0.723415724848067,2.598589401069666e-005
0.7350569681208157,2.77507786738193e-005
0.7466982113935643,2.958214539985053e-005
0.7583394546663129,3.146849399627552e-005
0.7699806979390615,3.339819517424517e-005
0.7816219412118102,3.535778977684147e-005
0.7932631844845588,3.733375096121475e-005
0.8049044277573074,3.931309787044612e-005
0.816545671030056,4.127981503115676e-005
0.8281869143028082,4.321910232991748e-005
0.8398281575755568,4.511537363741377e-005
0.8514694008483055,4.695286857726637e-005
0.8631106441210541,4.871691314869374e-005
0.8747518873938027,5.039206353509162e-005
0.8863931306665513,5.196400507106929e-005
0.8980343739393,5.341858562871642e-005
0.9096756172120486,5.474279425509157e-005
0.9213168604847972,5.592471106385302e-005
0.9329581037575494,5.695336053283373e-005
0.944599347030298,5.781928494385196e-005
0.9562405903030466,5.851442130841152e-005
0.9678818335757953,5.909439200725743e-005
0.9795230768485439,5.955368175792756e-005
0.9911643201212925,5.982617097178476e-005
1.002805563394041,5.99093158832075e-005
1.01444680666679,5.981372730058737e-005
1.026088049939538,5.954084166657823e-005
1.037729293212287,5.90819639430454e-005
1.049370536485039,5.844146445372288e-005
1.061011779757788,5.762608619756994e-005
1.072653023030536,5.664344032453628e-005
1.084294266303285,5.553302917178934e-005
1.095935509576034,5.43058402541645e-005
1.107576752848782,5.294241364202787e-005
1.119217996121531,5.145491284532666e-005
1.13085923939428,4.985640210813094e-005
1.142500482667028,4.816045997698092e-005
1.15414172593978,4.638115013422601e-005
1.165782969212529,4.453277718097232e-005
1.177424212485278,4.262969572322956e-005
1.189065455758026,4.068685520503108e-005
1.200706699030775,3.871694959292986e-005
1.212347942303524,3.673394371270542e-005
1.223989185576272,3.475088761946356e-005
1.235630428849021,3.277985607591437e-005
1.247271672121769,3.083219407368982e-005
1.258912915394522,2.891833584520621e-005
1.27055415866727,2.704773868960089e-005
1.282195401940019,2.522883676756073e-005
1.293836645212767,2.346901448482207e-005
1.305477888485516,2.177459869753811e-005
1.317119131758265,2.015086862968018e-005
1.328760375031013,1.860208209908581e-005
1.340401618303762,1.713151640870167e-005
1.352042861576511,1.574152207509839e-005
1.363684104849259,1.443358743773876e-005
1.375325348122011,1.320841211835142e-005
1.38696659139476,1.206598727718835e-005
1.398607834667509,1.100568063773826e-005
1.410249077940257,1.002632431842144e-005
1.421890321213006,9.126303612946301e-006
1.433531564485755,8.305293540270356e-006
1.445172807758503,7.5610306868798e-006
1.456814051031252,6.889395403895907e-006
1.468455294304,6.287803138416796e-006
1.480096537576753,5.753627400011636e-006
1.491737780849501,5.284264417538796e-006
1.50337902412225,4.877190269411015e-006
1.515020267394998,4.530009990576573e-006
1.526661510667747,4.240498322138929e-006
1.538302753940496,4.00663191919531e-006
1.549943997213244,3.826612968143011e-006
1.561585240485993,3.698884286167733e-006
1.573226483758742,3.622136083364639e-006
1.584867727031494,3.595304662991483e-006
1.596508970304242,3.617563419187328e-006
1.608150213576991,3.688306565868344e-006
1.61979145684974,3.80712609732645e-006
1.631432700122488,3.973782542183021e-006
1.643073943395237,4.188170129507061e-006
1.654715186667985,4.450277040527473e-006
1.666356429940734,4.760141472488917e-006
1.677997673213483,5.11780429337502e-006
1.689638916486231,5.523259117464884e-006
1.701280159758984,5.976400681441157e-006
1.712921403031732,6.476972447903226e-006
1.724562646304481,7.024514405993688e-006
1.736203889577229,7.618312075284877e-006
1.747845132849978,8.257347746580823e-006
1.759486376122727,8.940255009096456e-006
1.771127619395475,9.66527761468981e-006
1.782768862668224,1.043023371359526e-005
1.794410105940973,1.123248645979322e-005
1.806051349213725,1.20689219254902e-005
1.817692592486473,1.293593518144952e-005
1.829333835759222,1.382942529207946e-005
1.840975079031971,1.474479984105055e-005
1.852616322304719,1.567698944550334e-005
1.864257565577468,1.662047253634816e-005
1.875898808850216,1.756931048150001e-005
1.887540052122965,1.851625335788817e-005
1.899181295395714,1.945677517397036e-005
1.910822538668466,2.038278486909428e-005
1.922463781941215,2.128723494831519e-005
1.934105025213963,2.216280334899983e-005
1.945746268486712,2.300271280229812e-005
1.95738751175946,2.379965223907815e-005
1.969028755032209,2.454670584025714e-005
1.980669998304958,2.52433188717152e-005
1.992311241577706,2.588313762945365e-005
2.003952484850455,2.645364177677705e-005
2.015593728123204,2.695043886107322e-005
2.027234971395956,2.736813689233719e-005
2.038876214668704,2.770264171722311e-005
2.050517457941453,2.795648236875137e-005
2.062158701214202,2.81270832452117e-005
2.07379994448695,2.820680755094166e-005
2.085441187759699,2.819476531058848e-005
2.097082431032447,2.809096852459193e-005
2.108723674305196,2.793302060951908e-005
2.120364917577945,2.772235173707518e-005
2.132006160850697,2.742419640743534e-005
2.143647404123446,2.704131373540794e-005
2.155288647396194,2.657725505788597e-005
2.166929890668943,2.603630830256301e-005
2.178571133941691,2.542343124535403e-005
2.19021237721444,2.4744175103174e-005
2.201853620487189,2.400460010461984e-005
2.213494863759937,2.321118483147846e-005
2.225136107032686,2.237073122526451e-005
2.236777350305438,2.149026720323977e-005
2.248418593578187,2.057694882734018e-005
2.260059836850935,1.963796391855068e-005
2.271701080123684,1.868043891150234e-005
2.283342323396433,1.771135060381489e-005
2.294983566669181,1.673744427757585e-005
2.30662480994193,1.576515946290964e-005
2.318266053214678,1.480056438312285e-005
2.329907296487427,1.384929987510257e-005
2.341548539760176,1.291653332530844e-005
2.353189783032928,1.200689795461937e-005
2.364831026305676,1.112457310863762e-005
2.376472269578425,1.027310025241015e-005
2.388113512851174,9.457559041912024e-006
2.399754756123922,8.676912844619189e-006
2.411395999396671,7.934704908378363e-006
2.42303724266942,7.232387386590547e-006
2.434678485942168,6.570929196142685e-006
2.446319729214917,5.950849952781788e-006
2.457960972487669,5.372258752092439e-006
2.469602215760418,4.834896774092566e-006
2.481243459033166,4.338182716598695e-006
2.492884702305915,3.881260112932232e-006
2.504525945578664,3.463045659311143e-006
2.516167188851412,3.082277762118696e-006
2.527808432124161,2.737564610704712e-006
2.539449675396909,2.427431182976697e-006
2.551090918669658,2.150364694425514e-006
2.56273216194241,1.904858102306345e-006
2.574373405215159,1.689451371731513e-006
2.586014648487907,1.502770296157845e-006
2.597655891760656,1.343562738429477e-006
2.609297135033405,1.210732218012742e-006
2.620938378306153,1.103368813796654e-006
2.632579621578902,1.020777378929709e-006
2.644220864851651,9.625030743604875e-007
2.655862108124399,9.28354221415336e-007
2.667503351397148,9.18422451862315e-007
2.6791445946699,9.331000980395886e-007
2.690785837942649,9.730947178768511e-007
2.702427081215397,1.039440592617789e-006
2.714068324488146,1.133506971813724e-006
2.725709567760895,1.257002774140399e-006
2.737350811033643,1.411977387539725e-006
2.748992054306392,1.600817152082279e-006
2.76063329757914,1.826237057893802e-006
2.772274540851889,2.091267152624233e-006
2.783915784124641,2.399233132300223e-006
2.79555702739739,2.753730589802442e-006
2.807198270670138,3.158592420086387e-006
2.818839513942887,3.617848933534754e-006
2.830480757215636,4.135680310726105e-006
2.842122000488384,4.716361144827838e-006
2.853763243761133,5.364196962188171e-006
2.865404487033882,6.083452786810635e-006
2.87704573030663,6.878274018317181e-006
2.888686973579379,7.752600122505617e-006
2.900328216852131,8.709979604663686e-006
2.91196946012488,9.753862746326292e-006
2.923610703397628,1.088687529528118e-005
2.935251946670377,1.211115908317628e-005
2.946893189943125,1.342814605994569e-005
2.958534433215874,1.483845403319771e-005
2.970175676488623,1.634169729977638e-005
2.981816919761371,1.793676776651676e-005
2.99345816303412,1.962114914584745e-005
3.005099406306872,2.139127041919073e-005
3.016740649579621,2.324232929087663e-005
3.028381892852369,2.516769241526255e-005
3.040023136125118,2.716122233109955e-005
3.051664379397867,2.921351732966166e-005
3.063305622670615,3.131461052866834e-005
3.074946865943364,3.345328772016857e-005
3.086588109216113,3.561715473510713e-005
3.098229352488861,3.77927301397866e-005
3.109870595761613,3.996556305056538e-005
3.121511839034362,4.212037522630354e-005
3.133153082307111,4.424122595418317e-005
3.144794325579859,4.631169760265424e-005
3.156435568852608,4.831509909554654e-005
3.168076812125356,5.023468398438698e-005
3.179718055398105,5.205387928184119e-005
3.191359298670854,5.375652078697244e-005
3.203000541943602,5.53270902997593e-005
3.214641785216351,5.675094990244599e-005
3.226283028489103,5.801456838990462e-005
3.237924271761852,5.910573496748845e-005
3.2495655150346,6.001375550579604e-005
3.261206758307349,6.072962694578592e-005
3.272848001580098,6.12461858786328e-005
3.284489244852846,6.155822787199581e-005
3.296130488125595,6.166259476322129e-005
3.307771731398344,6.166259476322129e-005
3.319412974671092,6.155822787199581e-005
3.331054217943844,6.12461858786328e-005
3.342695461216593,6.072962694578592e-005
3.354336704489342,6.001375550579604e-005
3.36597794776209,5.910573496748845e-005
3.377619191034839,5.801456838990462e-005
3.389260434307587,5.675094990244599e-005
3.400901677580336,5.53270902997593e-005
3.412542920853085,5.375652078697244e-005
3.424184164125833,5.205387928184119e-005
3.435825407398585,5.023468398438698e-005
3.447466650671334,4.831509909554654e-005
3.459107893944083,4.631169760265424e-005
3.470749137216831,4.424122595418317e-005
3.48239038048958,4.212037522630354e-005
3.494031623762329,3.996556305056538e-005
3.505672867035077,3.77927301397866e-005
3.517314110307826,3.561715473510713e-005
3.528955353580574,3.345328772016857e-005
3.540596596853323,3.131461052866834e-005
3.552237840126075,2.921351732966166e-005
3.563879083398824,2.716122233109955e-005
3.575520326671573,2.516769241526255e-005
3.587161569944321,2.324160472732842e-005
3.59880281321707,2.139032829542515e-005
3.610444056489818,1.961992827966783e-005
3.622085299762567,1.79351910384695e-005
3.633726543035316,1.633966786943506e-005
3.645367786308064,1.48357350329425e-005
3.657009029580816,1.342466749970754e-005
3.668650272853565,1.210672377713141e-005
3.680291516126314,1.088123915854818e-005
3.691932759399062,9.74672479808435e-006
3.703574002671811,8.700970133557339e-006
3.71521524594456,7.741146351326854e-006
3.726856489217308,6.863908800186628e-006
3.738497732490057,6.065496505842252e-006
3.750138975762805,5.341827202947619e-006
3.761780219035558,4.688586578186422e-006
3.773421462308306,4.101310696340422e-006
3.785062705581055,3.575460853508505e-006
3.796703948853804,3.106490360601653e-006
3.808345192126552,2.689903000166489e-006
3.819986435399301,2.321303116016579e-006
3.831627678672049,1.996437484907876e-006
3.843268921944798,1.711229280659174e-006
3.854910165217547,1.461804572916415e-006
3.866551408490295,1.24451190544276e-006
3.878192651763047,1.055935573513251e-006
3.889833895035796,8.929032685501587e-007
3.901475138308545,7.524887829521912e-007
3.913116381581293,6.320104719380947e-007
3.924757624854042,5.290261551714956e-007
3.936398868126791,4.41325112086835e-007
3.948040111399539,3.669177843006378e-007
3.959681354672288,3.040237492480161e-007
3.971322597945036,2.510584740042111e-007
3.982963841217789,2.066192996408442e-007
3.994605084490537,1.694710466232363e-007
4.006246327763286,1.385315725442128e-007
4.017887571036034,1.128575564382424e-007
4.029528814308783,9.163073022313607e-008
4.041170057581532,7.414472835658687e-008
4.05281130085428,5.979268216569371e-008
4.064452544127029,4.805564584787214e-008
4.076093787399778,3.849190696970119e-008
4.08773503067253,3.072720534176211e-008
4.099376273945278,2.444586021155298e-008
4.111017517218027,1.938278647104038e-008
4.122658760490776,1.531636561937629e-008
4.134300003763524,1.206212610380554e-008
4.145941247036273,9.467179906805992e-009
4.157582490309022,7.405357374827531e-009
4.16922373358177,5.772979825965892e-009
4.180864976854519,4.485208988244868e-009
4.192506220127267,3.472913399233345e-009
4.20414746340002,2.679994174501669e-009
4.215788706672768,2.061115703885166e-009
4.227429949945517,0
4.239071193218265,0
4.250712436491014,0
4.262353679763763,0
4.273994923036511,0
4.28563616630926,0
4.297277409582009,0
4.308918652854761,0
4.320559896127509,0
4.332201139400258,0
4.343842382673007,0
4.355483625945755,0
4.367124869218504,0
4.378766112491253,0
4.390407355764001,0
4.40204859903675,0
4.413689842309502,0
4.425331085582251,0
4.436972328854999,0
4.448613572127748,0
4.460254815400496,0
4.471896058673245,0
4.483537301945994,0
4.495178545218742,0
4.506819788491491,0
4.51846103176424,0
4.530102275036992,0
4.54174351830974,0
4.553384761582489,0
4.565026004855238,0
4.576667248127986,0
4.588308491400735,0
4.599949734673483,0
4.611590977946232,0
4.623232221218981,0
4.634873464491733,0
4.646514707764482,0
4.65815595103723,0
4.669797194309979,0
4.681438437582727,0
4.693079680855476,0
4.704720924128225,0
4.716362167400973,0
4.728003410673722,0
4.739644653946474,0
4.751285897219223,0
4.762927140491971,0
4.77456838376472,0
4.786209627037469,0
4.797850870310217,0
4.809492113582966,0
4.821133356855714,0
4.832774600128463,0
4.844415843401212,0
4.856057086673964,0
4.867698329946713,0
4.879339573219461,0
4.89098081649221,0
4.902622059764958,0
4.914263303037707,0
4.925904546310456,0
4.937545789583204,0
4.949187032855953,0
4.960828276128705,0
4.972469519401454,0
4.984110762674202,0
4.995752005946951,0
5.0073932492197,0
5.019034492492448,0
5.030675735765197,0
5.042316979037945,0
5.053958222310694,0
5.065599465583443,0
5.077240708856195,0
5.088881952128944,0
5.100523195401692,0
5.112164438674441,0
5.123805681947189,0
5.135446925219938,0
5.147088168492687,0
5.158729411765435,0
5.170370655038184,0
5.182011898310936,0
5.193653141583685,0
5.205294384856433,0
5.216935628129182,0
5.228576871401931,0
5.240218114674679,0
5.251859357947428,0
5.263500601220176,0
5.275141844492925,0
5.286783087765677,0
5.298424331038426,0
5.310065574311174,0
5.321706817583923,0
5.333348060856672,0
5.34498930412942,0
5.356630547402169,0
5.368271790674918,0
5.379913033947666,0
5.391554277220415,0
5.403195520493167,0
5.414836763765916,0
5.426478007038664,0
5.438119250311413,0
5.449760493584162,0
5.46140173685691,0
5.473042980129659,0
5.484684223402407,0
5.496325466675156,0
5.507966709947908,0
5.519607953220657,0
